﻿[{"id":1,"name":"김경주","gender":"Female","age":"20"},
{"id":2,"name":"김도윤","gender":"Male","age":"21"},
{"id":3,"name":"김도하","gender":"Female","age":"22"},
{"id":4,"name":"김소연","gender":"Female","age":"23"},
{"id":5,"name":"김승종","gender":"Male","age":"24"},
{"id":6,"name":"김유호","gender":"Male","age":"25"},
{"id":7,"name":"김은비","gender":"Female","age":"26"},
{"id":8,"name":"김은혜","gender":"Female","age":"27"},
{"id":9,"name":"김진이","gender":"Female","age":"28"},
{"id":10,"name":"문동현","gender":"Male","age":"29"},
{"id":11,"name":"박수창","gender":"Male","age":"21"},
{"id":12,"name":"박지현","gender":"Female","age":"22"},
{"id":13,"name":"송현지","gender":"Female","age":"23"},
{"id":14,"name":"심지안","gender":"Female","age":"24"},
{"id":15,"name":"원종필","gender":"Male","age":"25"},
{"id":16,"name":"이수환","gender":"Male","age":"26"},
{"id":17,"name":"정현주","gender":"Female","age":"27"},
{"id":18,"name":"조민주","gender":"Female","age":"28"},
{"id":19,"name":"최재훈","gender":"Male","age":"29"}]